"Year","Month","Payment","Principal","Interest","Balance","Total Interest","Total Principal"
"2008","October","$913.94","$135.48","$778.46","$146,282.52","$778.46","$135.48"
"2008","November","$913.94","$136.20","$777.74","$146,146.32","$1,556.19","$271.68"
"2008","December","$913.94","$136.93","$777.01","$146,009.39","$2,333.20","$408.61"
"2009","January","$913.93","$137.65","$776.28","$145,871.74","$3,109.49","$546.26"
"2009","February","$913.94","$138.39","$775.55","$145,733.35","$3,885.04","$684.65"
"2009","March","$913.94","$139.12","$774.82","$145,594.23","$4,659.85","$823.77"
"2009","April","$913.94","$139.86","$774.08","$145,454.37","$5,433.93","$963.63"
"2009","May","$913.93","$140.60","$773.33","$145,313.77","$6,207.26","$1,104.23"
"2009","June","$913.93","$141.35","$772.58","$145,172.42","$6,979.85","$1,245.58"
"2009","July","$913.93","$142.10","$771.83","$145,030.31","$7,751.68","$1,387.69"
"2009","August","$913.94","$142.86","$771.08","$144,887.45","$8,522.76","$1,530.55"
"2009","September","$913.94","$143.62","$770.32","$144,743.84","$9,293.08","$1,674.16"
"2009","October","$913.93","$144.38","$769.55","$144,599.45","$10,062.63","$1,818.55"
"2009","November","$913.94","$145.15","$768.79","$144,454.30","$10,831.42","$1,963.70"
"2009","December","$913.94","$145.92","$768.02","$144,308.38","$11,599.43","$2,109.62"
"2010","January","$913.94","$146.70","$767.24","$144,161.69","$12,366.67","$2,256.31"
"2010","February","$913.94","$147.48","$766.46","$144,014.21","$13,133.13","$2,403.79"
"2010","March","$913.94","$148.26","$765.68","$143,865.95","$13,898.81","$2,552.05"
"2010","April","$913.94","$149.05","$764.89","$143,716.90","$14,663.69","$2,701.10"
"2010","May","$913.93","$149.84","$764.09","$143,567.06","$15,427.79","$2,850.94"
"2010","June","$913.94","$150.64","$763.30","$143,416.42","$16,191.09","$3,001.58"
"2010","July","$913.94","$151.44","$762.50","$143,264.98","$16,953.58","$3,153.02"
"2010","August","$913.93","$152.24","$761.69","$143,112.73","$17,715.28","$3,305.27"
"2010","September","$913.93","$153.05","$760.88","$142,959.68","$18,476.16","$3,458.32"
"2010","October","$913.94","$153.87","$760.07","$142,805.81","$19,236.23","$3,612.19"
"2010","November","$913.94","$154.69","$759.25","$142,651.13","$19,995.48","$3,766.87"
"2010","December","$913.94","$155.51","$758.43","$142,495.62","$20,753.91","$3,922.38"
"2011","January","$913.94","$156.34","$757.60","$142,339.28","$21,511.51","$4,078.72"
"2011","February","$913.94","$157.17","$756.77","$142,182.12","$22,268.28","$4,235.88"
"2011","March","$913.93","$158.00","$755.93","$142,024.11","$23,024.22","$4,393.89"
"2011","April","$913.93","$158.84","$755.09","$141,865.27","$23,779.31","$4,552.73"
"2011","May","$913.94","$159.69","$754.25","$141,705.59","$24,533.56","$4,712.41"
"2011","June","$913.94","$160.54","$753.40","$141,545.05","$25,286.96","$4,872.95"
"2011","July","$913.94","$161.39","$752.55","$141,383.66","$26,039.51","$5,034.34"
"2011","August","$913.94","$162.25","$751.69","$141,221.42","$26,791.20","$5,196.58"
"2011","September","$913.94","$163.11","$750.83","$141,058.31","$27,542.03","$5,359.69"
"2011","October","$913.94","$163.98","$749.96","$140,894.33","$28,291.99","$5,523.67"
"2011","November","$913.94","$164.85","$749.09","$140,729.48","$29,041.07","$5,688.52"
"2011","December","$913.93","$165.72","$748.21","$140,563.76","$29,789.29","$5,854.24"
"2012","January","$913.94","$166.61","$747.33","$140,397.15","$30,536.62","$6,020.85"
"2012","February","$913.93","$167.49","$746.44","$140,229.66","$31,283.06","$6,188.34"
"2012","March","$913.93","$168.38","$745.55","$140,061.28","$32,028.62","$6,356.72"
"2012","April","$913.94","$169.28","$744.66","$139,892.00","$32,773.28","$6,526.00"
"2012","May","$913.94","$170.18","$743.76","$139,721.82","$33,517.03","$6,696.18"
"2012","June","$913.93","$171.08","$742.85","$139,550.74","$34,259.89","$6,867.26"
"2012","July","$913.93","$171.99","$741.94","$139,378.75","$35,001.83","$7,039.25"
"2012","August","$913.94","$172.91","$741.03","$139,205.84","$35,742.86","$7,212.16"
"2012","September","$913.94","$173.83","$740.11","$139,032.01","$36,482.98","$7,385.99"
"2012","October","$913.94","$174.75","$739.19","$138,857.26","$37,222.16","$7,560.74"
"2012","November","$913.94","$175.68","$738.26","$138,681.58","$37,960.42","$7,736.42"
"2012","December","$913.93","$176.61","$737.32","$138,504.97","$38,697.74","$7,913.03"
"2013","January","$913.93","$177.55","$736.38","$138,327.42","$39,434.13","$8,090.58"
"2013","February","$913.94","$178.50","$735.44","$138,148.92","$40,169.57","$8,269.08"
"2013","March","$913.93","$179.44","$734.49","$137,969.48","$40,904.06","$8,448.52"
"2013","April","$913.94","$180.40","$733.54","$137,789.08","$41,637.60","$8,628.92"
"2013","May","$913.94","$181.36","$732.58","$137,607.72","$42,370.18","$8,810.28"
"2013","June","$913.93","$182.32","$731.61","$137,425.40","$43,101.79","$8,992.60"
"2013","July","$913.94","$183.29","$730.65","$137,242.11","$43,832.44","$9,175.89"
"2013","August","$913.94","$184.27","$729.67","$137,057.84","$44,562.11","$9,360.16"
"2013","September","$913.94","$185.25","$728.69","$136,872.60","$45,290.80","$9,545.40"
"2013","October","$913.94","$186.23","$727.71","$136,686.37","$46,018.50","$9,731.63"
"2013","November","$913.94","$187.22","$726.72","$136,499.14","$46,745.22","$9,918.86"
"2013","December","$913.94","$188.22","$725.72","$136,310.93","$47,470.94","$10,107.07"
"2014","January","$913.94","$189.22","$724.72","$136,121.71","$48,195.66","$10,296.29"
"2014","February","$913.93","$190.22","$723.71","$135,931.49","$48,919.37","$10,486.51"
"2014","March","$913.93","$191.23","$722.70","$135,740.25","$49,642.08","$10,677.75"
"2014","April","$913.94","$192.25","$721.69","$135,548.00","$50,363.76","$10,870.00"
"2014","May","$913.93","$193.27","$720.66","$135,354.73","$51,084.43","$11,063.27"
"2014","June","$913.94","$194.30","$719.64","$135,160.43","$51,804.06","$11,257.57"
"2014","July","$913.93","$195.33","$718.60","$134,965.10","$52,522.66","$11,452.90"
"2014","August","$913.93","$196.37","$717.56","$134,768.72","$53,240.23","$11,649.28"
"2014","September","$913.94","$197.42","$716.52","$134,571.31","$53,956.75","$11,846.69"
"2014","October","$913.94","$198.47","$715.47","$134,372.84","$54,672.22","$12,045.16"
"2014","November","$913.94","$199.52","$714.42","$134,173.32","$55,386.64","$12,244.68"
"2014","December","$913.93","$200.58","$713.35","$133,972.74","$56,099.99","$12,445.26"
"2015","January","$913.94","$201.65","$712.29","$133,771.09","$56,812.28","$12,646.91"
"2015","February","$913.94","$202.72","$711.22","$133,568.37","$57,523.50","$12,849.63"
"2015","March","$913.94","$203.80","$710.14","$133,364.57","$58,233.63","$13,053.43"
"2015","April","$913.93","$204.88","$709.05","$133,159.69","$58,942.69","$13,258.31"
"2015","May","$913.94","$205.97","$707.97","$132,953.72","$59,650.65","$13,464.28"
"2015","June","$913.94","$207.07","$706.87","$132,746.65","$60,357.52","$13,671.35"
"2015","July","$913.94","$208.17","$705.77","$132,538.49","$61,063.29","$13,879.51"
"2015","August","$913.93","$209.27","$704.66","$132,329.21","$61,767.96","$14,088.79"
"2015","September","$913.94","$210.39","$703.55","$132,118.83","$62,471.51","$14,299.17"
"2015","October","$913.93","$211.50","$702.43","$131,907.32","$63,173.94","$14,510.68"
"2015","November","$913.94","$212.63","$701.31","$131,694.69","$63,875.25","$14,723.31"
"2015","December","$913.94","$213.76","$700.18","$131,480.93","$64,575.42","$14,937.07"
"2016","January","$913.94","$214.90","$699.04","$131,266.03","$65,274.46","$15,151.97"
"2016","February","$913.94","$216.04","$697.90","$131,050.00","$65,972.36","$15,368.00"
"2016","March","$913.94","$217.19","$696.75","$130,832.81","$66,669.11","$15,585.19"
"2016","April","$913.93","$218.34","$695.59","$130,614.47","$67,364.71","$15,803.53"
"2016","May","$913.93","$219.50","$694.43","$130,394.96","$68,059.14","$16,023.04"
"2016","June","$913.94","$220.67","$693.27","$130,174.29","$68,752.41","$16,243.71"
"2016","July","$913.93","$221.84","$692.09","$129,952.45","$69,444.50","$16,465.55"
"2016","August","$913.93","$223.02","$690.91","$129,729.43","$70,135.41","$16,688.57"
"2016","September","$913.94","$224.21","$689.73","$129,505.22","$70,825.14","$16,912.78"
"2016","October","$913.94","$225.40","$688.54","$129,279.82","$71,513.68","$17,138.18"
"2016","November","$913.94","$226.60","$687.34","$129,053.22","$72,201.01","$17,364.78"
"2016","December","$913.93","$227.80","$686.13","$128,825.41","$72,887.15","$17,592.59"
"2017","January","$913.93","$229.01","$684.92","$128,596.40","$73,572.07","$17,821.60"
"2017","February","$913.93","$230.23","$683.70","$128,366.17","$74,255.77","$18,051.83"
"2017","March","$913.94","$231.46","$682.48","$128,134.71","$74,938.25","$18,283.29"
"2017","April","$913.94","$232.69","$681.25","$127,902.02","$75,619.50","$18,515.98"
"2017","May","$913.93","$233.92","$680.01","$127,668.10","$76,299.52","$18,749.90"
"2017","June","$913.94","$235.17","$678.77","$127,432.93","$76,978.28","$18,985.07"
"2017","July","$913.94","$236.42","$677.52","$127,196.51","$77,655.80","$19,221.49"
"2017","August","$913.94","$237.68","$676.26","$126,958.84","$78,332.06","$19,459.16"
"2017","September","$913.94","$238.94","$675.00","$126,719.90","$79,007.06","$19,698.10"
"2017","October","$913.94","$240.21","$673.73","$126,479.69","$79,680.79","$19,938.31"
"2017","November","$913.94","$241.49","$672.45","$126,238.20","$80,353.24","$20,179.80"
"2017","December","$913.94","$242.77","$671.17","$125,995.43","$81,024.41","$20,422.57"
"2018","January","$913.94","$244.06","$669.88","$125,751.37","$81,694.28","$20,666.63"
"2018","February","$913.94","$245.36","$668.58","$125,506.01","$82,362.86","$20,911.99"
"2018","March","$913.93","$246.66","$667.27","$125,259.35","$83,030.13","$21,158.65"
"2018","April","$913.93","$247.97","$665.96","$125,011.38","$83,696.10","$21,406.62"
"2018","May","$913.93","$249.29","$664.64","$124,762.08","$84,360.74","$21,655.92"
"2018","June","$913.94","$250.62","$663.32","$124,511.46","$85,024.06","$21,906.54"
"2018","July","$913.94","$251.95","$661.99","$124,259.51","$85,686.04","$22,158.49"
"2018","August","$913.94","$253.29","$660.65","$124,006.22","$86,346.69","$22,411.78"
"2018","September","$913.94","$254.64","$659.30","$123,751.59","$87,005.99","$22,666.41"
"2018","October","$913.94","$255.99","$657.95","$123,495.60","$87,663.94","$22,922.40"
"2018","November","$913.93","$257.35","$656.58","$123,238.24","$88,320.52","$23,179.76"
"2018","December","$913.94","$258.72","$655.22","$122,979.52","$88,975.74","$23,438.48"
"2019","January","$913.94","$260.10","$653.84","$122,719.43","$89,629.58","$23,698.57"
"2019","February","$913.94","$261.48","$652.46","$122,457.95","$90,282.04","$23,960.05"
"2019","March","$913.94","$262.87","$651.07","$122,195.08","$90,933.11","$24,222.92"
"2019","April","$913.94","$264.27","$649.67","$121,930.81","$91,582.78","$24,487.19"
"2019","May","$913.94","$265.67","$648.27","$121,665.14","$92,231.04","$24,752.86"
"2019","June","$913.93","$267.08","$646.85","$121,398.06","$92,877.89","$25,019.94"
"2019","July","$913.93","$268.50","$645.43","$121,129.56","$93,523.33","$25,288.44"
"2019","August","$913.94","$269.93","$644.01","$120,859.63","$94,167.33","$25,558.37"
"2019","September","$913.94","$271.37","$642.57","$120,588.26","$94,809.90","$25,829.74"
"2019","October","$913.94","$272.81","$641.13","$120,315.45","$95,451.03","$26,102.55"
"2019","November","$913.94","$274.26","$639.68","$120,041.19","$96,090.71","$26,376.81"
"2019","December","$913.94","$275.72","$638.22","$119,765.47","$96,728.93","$26,652.53"
"2020","January","$913.93","$277.18","$636.75","$119,488.29","$97,365.68","$26,929.71"
"2020","February","$913.94","$278.66","$635.28","$119,209.63","$98,000.96","$27,208.37"
"2020","March","$913.94","$280.14","$633.80","$118,929.49","$98,634.76","$27,488.51"
"2020","April","$913.94","$281.63","$632.31","$118,647.86","$99,267.07","$27,770.14"
"2020","May","$913.94","$283.13","$630.81","$118,364.74","$99,897.88","$28,053.26"
"2020","June","$913.94","$284.63","$629.31","$118,080.11","$100,527.18","$28,337.89"
"2020","July","$913.93","$286.14","$627.79","$117,793.96","$101,154.98","$28,624.04"
"2020","August","$913.94","$287.67","$626.27","$117,506.30","$101,781.25","$28,911.70"
"2020","September","$913.93","$289.19","$624.74","$117,217.10","$102,405.99","$29,200.90"
"2020","October","$913.93","$290.73","$623.20","$116,926.37","$103,029.19","$29,491.63"
"2020","November","$913.94","$292.28","$621.66","$116,634.09","$103,650.85","$29,783.91"
"2020","December","$913.93","$293.83","$620.10","$116,340.26","$104,270.96","$30,077.74"
"2021","January","$913.93","$295.39","$618.54","$116,044.87","$104,889.50","$30,373.13"
"2021","February","$913.93","$296.96","$616.97","$115,747.90","$105,506.47","$30,670.10"
"2021","March","$913.93","$298.54","$615.39","$115,449.36","$106,121.86","$30,968.64"
"2021","April","$913.94","$300.13","$613.81","$115,149.23","$106,735.67","$31,268.77"
"2021","May","$913.94","$301.73","$612.21","$114,847.50","$107,347.88","$31,570.50"
"2021","June","$913.94","$303.33","$610.61","$114,544.17","$107,958.48","$31,873.83"
"2021","July","$913.93","$304.94","$608.99","$114,239.23","$108,567.48","$32,178.77"
"2021","August","$913.93","$306.56","$607.37","$113,932.66","$109,174.85","$32,485.34"
"2021","September","$913.93","$308.19","$605.74","$113,624.47","$109,780.59","$32,793.53"
"2021","October","$913.93","$309.83","$604.10","$113,314.63","$110,384.69","$33,103.37"
"2021","November","$913.94","$311.48","$602.46","$113,003.15","$110,987.15","$33,414.85"
"2021","December","$913.94","$313.14","$600.80","$112,690.02","$111,587.95","$33,727.98"
"2022","January","$913.94","$314.80","$599.14","$112,375.21","$112,187.09","$34,042.79"
"2022","February","$913.94","$316.48","$597.46","$112,058.74","$112,784.55","$34,359.26"
"2022","March","$913.94","$318.16","$595.78","$111,740.58","$113,380.33","$34,677.42"
"2022","April","$913.94","$319.85","$594.09","$111,420.73","$113,974.41","$34,997.27"
"2022","May","$913.94","$321.55","$592.39","$111,099.18","$114,566.80","$35,318.82"
"2022","June","$913.94","$323.26","$590.68","$110,775.92","$115,157.48","$35,642.08"
"2022","July","$913.94","$324.98","$588.96","$110,450.95","$115,746.44","$35,967.05"
"2022","August","$913.94","$326.71","$587.23","$110,124.24","$116,333.67","$36,293.76"
"2022","September","$913.93","$328.44","$585.49","$109,795.80","$116,919.16","$36,622.20"
"2022","October","$913.94","$330.19","$583.75","$109,465.61","$117,502.91","$36,952.39"
"2022","November","$913.93","$331.94","$581.99","$109,133.66","$118,084.90","$37,284.34"
"2022","December","$913.94","$333.71","$580.23","$108,799.95","$118,665.13","$37,618.05"
"2023","January","$913.93","$335.48","$578.45","$108,464.47","$119,243.58","$37,953.53"
"2023","February","$913.94","$337.27","$576.67","$108,127.20","$119,820.25","$38,290.80"
"2023","March","$913.94","$339.06","$574.88","$107,788.14","$120,395.13","$38,629.86"
"2023","April","$913.93","$340.86","$573.07","$107,447.28","$120,968.20","$38,970.72"
"2023","May","$913.94","$342.68","$571.26","$107,104.60","$121,539.46","$39,313.40"
"2023","June","$913.94","$344.50","$569.44","$106,760.11","$122,108.90","$39,657.89"
"2023","July","$913.94","$346.33","$567.61","$106,413.78","$122,676.51","$40,004.22"
"2023","August","$913.94","$348.17","$565.77","$106,065.61","$123,242.28","$40,352.39"
"2023","September","$913.94","$350.02","$563.92","$105,715.59","$123,806.19","$40,702.41"
"2023","October","$913.93","$351.88","$562.05","$105,363.70","$124,368.25","$41,054.30"
"2023","November","$913.93","$353.75","$560.18","$105,009.95","$124,928.43","$41,408.05"
"2023","December","$913.93","$355.63","$558.30","$104,654.32","$125,486.73","$41,763.68"
"2024","January","$913.93","$357.52","$556.41","$104,296.79","$126,043.15","$42,121.21"
"2024","February","$913.94","$359.43","$554.51","$103,937.37","$126,597.66","$42,480.63"
"2024","March","$913.94","$361.34","$552.60","$103,576.03","$127,150.26","$42,841.97"
"2024","April","$913.94","$363.26","$550.68","$103,212.77","$127,700.94","$43,205.23"
"2024","May","$913.94","$365.19","$548.75","$102,847.59","$128,249.68","$43,570.41"
"2024","June","$913.94","$367.13","$546.81","$102,480.45","$128,796.49","$43,937.55"
"2024","July","$913.93","$369.08","$544.85","$102,111.37","$129,341.35","$44,306.63"
"2024","August","$913.93","$371.04","$542.89","$101,740.33","$129,884.24","$44,677.67"
"2024","September","$913.94","$373.02","$540.92","$101,367.31","$130,425.16","$45,050.69"
"2024","October","$913.94","$375.00","$538.94","$100,992.31","$130,964.09","$45,425.69"
"2024","November","$913.93","$376.99","$536.94","$100,615.32","$131,501.04","$45,802.68"
"2024","December","$913.94","$379.00","$534.94","$100,236.32","$132,035.97","$46,181.68"
"2025","January","$913.93","$381.01","$532.92","$99,855.30","$132,568.90","$46,562.70"
"2025","February","$913.94","$383.04","$530.90","$99,472.26","$133,099.79","$46,945.74"
"2025","March","$913.94","$385.08","$528.86","$99,087.19","$133,628.65","$47,330.81"
"2025","April","$913.93","$387.12","$526.81","$98,700.07","$134,155.47","$47,717.93"
"2025","May","$913.94","$389.18","$524.76","$98,310.88","$134,680.22","$48,107.12"
"2025","June","$913.94","$391.25","$522.69","$97,919.63","$135,202.91","$48,498.37"
"2025","July","$913.94","$393.33","$520.61","$97,526.30","$135,723.52","$48,891.70"
"2025","August","$913.93","$395.42","$518.51","$97,130.88","$136,242.03","$49,287.12"
"2025","September","$913.93","$397.52","$516.41","$96,733.36","$136,758.44","$49,684.64"
"2025","October","$913.94","$399.64","$514.30","$96,333.72","$137,272.74","$50,084.28"
"2025","November","$913.93","$401.76","$512.17","$95,931.96","$137,784.92","$50,486.04"
"2025","December","$913.94","$403.90","$510.04","$95,528.06","$138,294.95","$50,889.94"
"2026","January","$913.94","$406.05","$507.89","$95,122.01","$138,802.85","$51,295.99"
"2026","February","$913.93","$408.20","$505.73","$94,713.81","$139,308.58","$51,704.19"
"2026","March","$913.93","$410.37","$503.56","$94,303.43","$139,812.14","$52,114.57"
"2026","April","$913.94","$412.56","$501.38","$93,890.88","$140,313.52","$52,527.12"
"2026","May","$913.94","$414.75","$499.19","$93,476.13","$140,812.71","$52,941.87"
"2026","June","$913.94","$416.96","$496.98","$93,059.17","$141,309.69","$53,358.83"
"2026","July","$913.93","$419.17","$494.76","$92,640.00","$141,804.45","$53,778.00"
"2026","August","$913.94","$421.40","$492.54","$92,218.60","$142,296.99","$54,199.40"
"2026","September","$913.94","$423.64","$490.30","$91,794.96","$142,787.28","$54,623.04"
"2026","October","$913.93","$425.89","$488.04","$91,369.06","$143,275.33","$55,048.94"
"2026","November","$913.94","$428.16","$485.78","$90,940.91","$143,761.11","$55,477.09"
"2026","December","$913.93","$430.43","$483.50","$90,510.47","$144,244.61","$55,907.53"
"2027","January","$913.93","$432.72","$481.21","$90,077.75","$144,725.82","$56,340.25"
"2027","February","$913.93","$435.02","$478.91","$89,642.72","$145,204.74","$56,775.28"
"2027","March","$913.94","$437.34","$476.60","$89,205.39","$145,681.34","$57,212.61"
"2027","April","$913.94","$439.66","$474.28","$88,765.73","$146,155.61","$57,652.27"
"2027","May","$913.94","$442.00","$471.94","$88,323.73","$146,627.55","$58,094.27"
"2027","June","$913.94","$444.35","$469.59","$87,879.38","$147,097.14","$58,538.62"
"2027","July","$913.94","$446.71","$467.23","$87,432.67","$147,564.36","$58,985.33"
"2027","August","$913.94","$449.09","$464.85","$86,983.58","$148,029.21","$59,434.42"
"2027","September","$913.93","$451.47","$462.46","$86,532.11","$148,491.68","$59,885.89"
"2027","October","$913.93","$453.87","$460.06","$86,078.23","$148,951.74","$60,339.77"
"2027","November","$913.94","$456.29","$457.65","$85,621.95","$149,409.39","$60,796.05"
"2027","December","$913.93","$458.71","$455.22","$85,163.23","$149,864.61","$61,254.77"
"2028","January","$913.93","$461.15","$452.78","$84,702.08","$150,317.39","$61,715.92"
"2028","February","$913.93","$463.60","$450.33","$84,238.48","$150,767.73","$62,179.52"
"2028","March","$913.94","$466.07","$447.87","$83,772.41","$151,215.60","$62,645.59"
"2028","April","$913.94","$468.55","$445.39","$83,303.86","$151,660.99","$63,114.14"
"2028","May","$913.94","$471.04","$442.90","$82,832.82","$152,103.88","$63,585.18"
"2028","June","$913.93","$473.54","$440.39","$82,359.28","$152,544.28","$64,058.72"
"2028","July","$913.94","$476.06","$437.88","$81,883.22","$152,982.16","$64,534.78"
"2028","August","$913.94","$478.59","$435.35","$81,404.63","$153,417.50","$65,013.37"
"2028","September","$913.94","$481.14","$432.80","$80,923.49","$153,850.30","$65,494.51"
"2028","October","$913.93","$483.69","$430.24","$80,439.80","$154,280.55","$65,978.20"
"2028","November","$913.94","$486.27","$427.67","$79,953.54","$154,708.22","$66,464.46"
"2028","December","$913.94","$488.85","$425.09","$79,464.69","$155,133.30","$66,953.31"
"2029","January","$913.94","$491.45","$422.49","$78,973.24","$155,555.79","$67,444.76"
"2029","February","$913.93","$494.06","$419.87","$78,479.17","$155,975.67","$67,938.83"
"2029","March","$913.94","$496.69","$417.25","$77,982.49","$156,392.91","$68,435.51"
"2029","April","$913.94","$499.33","$414.61","$77,483.16","$156,807.52","$68,934.84"
"2029","May","$913.93","$501.98","$411.95","$76,981.17","$157,219.47","$69,436.83"
"2029","June","$913.93","$504.65","$409.28","$76,476.52","$157,628.76","$69,941.48"
"2029","July","$913.94","$507.34","$406.60","$75,969.18","$158,035.36","$70,448.82"
"2029","August","$913.93","$510.03","$403.90","$75,459.15","$158,439.26","$70,958.85"
"2029","September","$913.94","$512.75","$401.19","$74,946.40","$158,840.45","$71,471.60"
"2029","October","$913.94","$515.47","$398.47","$74,430.93","$159,238.91","$71,987.07"
"2029","November","$913.93","$518.21","$395.72","$73,912.72","$159,634.64","$72,505.28"
"2029","December","$913.94","$520.97","$392.97","$73,391.75","$160,027.61","$73,026.25"
"2030","January","$913.94","$523.74","$390.20","$72,868.01","$160,417.81","$73,549.99"
"2030","February","$913.93","$526.52","$387.41","$72,341.49","$160,805.22","$74,076.51"
"2030","March","$913.94","$529.32","$384.62","$71,812.17","$161,189.84","$74,605.83"
"2030","April","$913.94","$532.14","$381.80","$71,280.03","$161,571.64","$75,137.97"
"2030","May","$913.93","$534.96","$378.97","$70,745.07","$161,950.61","$75,672.93"
"2030","June","$913.94","$537.81","$376.13","$70,207.26","$162,326.74","$76,210.74"
"2030","July","$913.94","$540.67","$373.27","$69,666.59","$162,700.01","$76,751.41"
"2030","August","$913.93","$543.54","$370.39","$69,123.05","$163,070.40","$77,294.95"
"2030","September","$913.93","$546.43","$367.50","$68,576.62","$163,437.91","$77,841.38"
"2030","October","$913.94","$549.34","$364.60","$68,027.28","$163,802.51","$78,390.72"
"2030","November","$913.94","$552.26","$361.68","$67,475.02","$164,164.18","$78,942.98"
"2030","December","$913.93","$555.19","$358.74","$66,919.83","$164,522.93","$79,498.17"
"2031","January","$913.94","$558.15","$355.79","$66,361.68","$164,878.72","$80,056.32"
"2031","February","$913.93","$561.11","$352.82","$65,800.57","$165,231.54","$80,617.43"
"2031","March","$913.94","$564.10","$349.84","$65,236.47","$165,581.38","$81,181.53"
"2031","April","$913.94","$567.10","$346.84","$64,669.37","$165,928.22","$81,748.63"
"2031","May","$913.94","$570.11","$343.83","$64,099.26","$166,272.05","$82,318.74"
"2031","June","$913.93","$573.14","$340.79","$63,526.12","$166,612.84","$82,891.88"
"2031","July","$913.94","$576.19","$337.75","$62,949.93","$166,950.59","$83,468.07"
"2031","August","$913.93","$579.25","$334.68","$62,370.68","$167,285.27","$84,047.32"
"2031","September","$913.93","$582.33","$331.60","$61,788.35","$167,616.87","$84,629.65"
"2031","October","$913.94","$585.43","$328.51","$61,202.92","$167,945.38","$85,215.08"
"2031","November","$913.94","$588.54","$325.40","$60,614.38","$168,270.78","$85,803.62"
"2031","December","$913.94","$591.67","$322.27","$60,022.71","$168,593.04","$86,395.29"
"2032","January","$913.94","$594.82","$319.12","$59,427.89","$168,912.17","$86,990.11"
"2032","February","$913.94","$597.98","$315.96","$58,829.91","$169,228.12","$87,588.09"
"2032","March","$913.94","$601.16","$312.78","$58,228.75","$169,540.90","$88,189.25"
"2032","April","$913.93","$604.35","$309.58","$57,624.40","$169,850.49","$88,793.60"
"2032","May","$913.94","$607.57","$306.37","$57,016.83","$170,156.86","$89,401.17"
"2032","June","$913.94","$610.80","$303.14","$56,406.04","$170,459.99","$90,011.96"
"2032","July","$913.93","$614.04","$299.89","$55,791.99","$170,759.89","$90,626.01"
"2032","August","$913.94","$617.31","$296.63","$55,174.68","$171,056.51","$91,243.32"
"2032","September","$913.94","$620.59","$293.35","$54,554.09","$171,349.86","$91,863.91"
"2032","October","$913.94","$623.89","$290.05","$53,930.20","$171,639.91","$92,487.80"
"2032","November","$913.94","$627.21","$286.73","$53,302.99","$171,926.63","$93,115.01"
"2032","December","$913.93","$630.54","$283.39","$52,672.45","$172,210.03","$93,745.55"
"2033","January","$913.93","$633.89","$280.04","$52,038.55","$172,490.07","$94,379.45"
"2033","February","$913.94","$637.27","$276.67","$51,401.29","$172,766.74","$95,016.71"
"2033","March","$913.93","$640.65","$273.28","$50,760.64","$173,040.03","$95,657.36"
"2033","April","$913.94","$644.06","$269.88","$50,116.58","$173,309.90","$96,301.42"
"2033","May","$913.93","$647.48","$266.45","$49,469.09","$173,576.36","$96,948.91"
"2033","June","$913.94","$650.93","$263.01","$48,818.17","$173,839.37","$97,599.83"
"2033","July","$913.94","$654.39","$259.55","$48,163.78","$174,098.92","$98,254.22"
"2033","August","$913.94","$657.87","$256.07","$47,505.91","$174,354.99","$98,912.09"
"2033","September","$913.93","$661.36","$252.57","$46,844.55","$174,607.56","$99,573.45"
"2033","October","$913.94","$664.88","$249.06","$46,179.67","$174,856.62","$100,238.33"
"2033","November","$913.93","$668.41","$245.52","$45,511.26","$175,102.14","$100,906.74"
"2033","December","$913.94","$671.97","$241.97","$44,839.29","$175,344.11","$101,578.71"
"2034","January","$913.94","$675.54","$238.40","$44,163.75","$175,582.50","$102,254.25"
"2034","February","$913.93","$679.13","$234.80","$43,484.61","$175,817.31","$102,933.39"
"2034","March","$913.93","$682.74","$231.19","$42,801.87","$176,048.50","$103,616.13"
"2034","April","$913.93","$686.37","$227.56","$42,115.50","$176,276.06","$104,302.50"
"2034","May","$913.93","$690.02","$223.91","$41,425.47","$176,499.98","$104,992.53"
"2034","June","$913.94","$693.69","$220.25","$40,731.78","$176,720.22","$105,686.22"
"2034","July","$913.94","$697.38","$216.56","$40,034.40","$176,936.78","$106,383.60"
"2034","August","$913.94","$701.09","$212.85","$39,333.32","$177,149.63","$107,084.68"
"2034","September","$913.93","$704.81","$209.12","$38,628.50","$177,358.75","$107,789.50"
"2034","October","$913.93","$708.56","$205.37","$37,919.94","$177,564.13","$108,498.06"
"2034","November","$913.94","$712.33","$201.61","$37,207.61","$177,765.73","$109,210.39"
"2034","December","$913.94","$716.12","$197.82","$36,491.49","$177,963.56","$109,926.51"
"2035","January","$913.93","$719.92","$194.01","$35,771.57","$178,157.57","$110,646.43"
"2035","February","$913.94","$723.75","$190.19","$35,047.82","$178,347.75","$111,370.18"
"2035","March","$913.94","$727.60","$186.34","$34,320.22","$178,534.09","$112,097.78"
"2035","April","$913.94","$731.47","$182.47","$33,588.75","$178,716.56","$112,829.25"
"2035","May","$913.94","$735.36","$178.58","$32,853.40","$178,895.14","$113,564.60"
"2035","June","$913.94","$739.27","$174.67","$32,114.13","$179,069.81","$114,303.87"
"2035","July","$913.94","$743.20","$170.74","$31,370.93","$179,240.55","$115,047.07"
"2035","August","$913.94","$747.15","$166.79","$30,623.79","$179,407.34","$115,794.21"
"2035","September","$913.94","$751.12","$162.82","$29,872.67","$179,570.16","$116,545.33"
"2035","October","$913.93","$755.11","$158.82","$29,117.55","$179,728.98","$117,300.45"
"2035","November","$913.94","$759.13","$154.81","$28,358.42","$179,883.79","$118,059.58"
"2035","December","$913.93","$763.16","$150.77","$27,595.26","$180,034.56","$118,822.74"
"2036","January","$913.93","$767.22","$146.71","$26,828.04","$180,181.28","$119,589.96"
"2036","February","$913.94","$771.30","$142.64","$26,056.74","$180,323.91","$120,361.26"
"2036","March","$913.93","$775.40","$138.53","$25,281.34","$180,462.45","$121,136.66"
"2036","April","$913.93","$779.52","$134.41","$24,501.81","$180,596.86","$121,916.19"
"2036","May","$913.94","$783.67","$130.27","$23,718.14","$180,727.13","$122,699.86"
"2036","June","$913.94","$787.84","$126.10","$22,930.31","$180,853.23","$123,487.69"
"2036","July","$913.93","$792.02","$121.91","$22,138.28","$180,975.14","$124,279.72"
"2036","August","$913.93","$796.23","$117.70","$21,342.05","$181,092.84","$125,075.95"
"2036","September","$913.94","$800.47","$113.47","$20,541.58","$181,206.31","$125,876.42"
"2036","October","$913.93","$804.72","$109.21","$19,736.86","$181,315.52","$126,681.14"
"2036","November","$913.93","$809.00","$104.93","$18,927.85","$181,420.46","$127,490.15"
"2036","December","$913.93","$813.30","$100.63","$18,114.55","$181,521.09","$128,303.45"
"2037","January","$913.94","$817.63","$96.31","$17,296.92","$181,617.40","$129,121.08"
"2037","February","$913.93","$821.97","$91.96","$16,474.95","$181,709.36","$129,943.05"
"2037","March","$913.93","$826.34","$87.59","$15,648.60","$181,796.95","$130,769.40"
"2037","April","$913.94","$830.74","$83.20","$14,817.86","$181,880.15","$131,600.14"
"2037","May","$913.94","$835.16","$78.78","$13,982.71","$181,958.93","$132,435.29"
"2037","June","$913.94","$839.60","$74.34","$13,143.11","$182,033.28","$133,274.89"
"2037","July","$913.94","$844.06","$69.88","$12,299.06","$182,103.15","$134,118.94"
"2037","August","$913.94","$848.55","$65.39","$11,450.51","$182,168.54","$134,967.49"
"2037","September","$913.94","$853.06","$60.88","$10,597.45","$182,229.42","$135,820.55"
"2037","October","$913.93","$857.59","$56.34","$9,739.86","$182,285.76","$136,678.14"
"2037","November","$913.93","$862.15","$51.78","$8,877.70","$182,337.55","$137,540.30"
"2037","December","$913.94","$866.74","$47.20","$8,010.97","$182,384.75","$138,407.03"
"2038","January","$913.94","$871.35","$42.59","$7,139.62","$182,427.34","$139,278.38"
"2038","February","$913.94","$875.98","$37.96","$6,263.64","$182,465.30","$140,154.36"
"2038","March","$913.93","$880.63","$33.30","$5,383.01","$182,498.60","$141,034.99"
"2038","April","$913.94","$885.32","$28.62","$4,497.69","$182,527.22","$141,920.31"
"2038","May","$913.93","$890.02","$23.91","$3,607.67","$182,551.13","$142,810.33"
"2038","June","$913.94","$894.76","$19.18","$2,712.91","$182,570.31","$143,705.09"
"2038","July","$913.93","$899.51","$14.42","$1,813.40","$182,584.74","$144,604.60"
"2038","August","$913.94","$904.30","$9.64","$909.10","$182,594.38","$145,508.90"
"2038","September","$913.93","$909.10","$4.83","$0.00","$182,599.21","$146,418.00"