,,,,Loan amount,Loan term,Interest,Loan starting date
,,,,"146,418",30 yrs,6.38%,2008-09-05
,,,(in example schedule it starts at March 2023 but thing changes other wise),,,,
"
SUMMARY                                                                               Number of payments: 360
Monthly payment        Total interest paid       Total cost of loan      Payoff date
$913                                    $182,254                          $328,672                        Mar 2053








",,,,,,,
,,,,,,,
Year,Month,Payment,Principal,Interest,Balance,Total Interest,Total Principal
2023,April,$912.98 ,$135.74 ,$777.24 ,"$146,282.26 ",$777.24 ,$135.74 
2023,May,$912.97 ,$136.46 ,$776.51 ,"$146,145.79 ","$1,553.75 ",$272.21 
2023,June,$912.98 ,$137.19 ,$775.79 ,"$146,008.60 ","$2,329.54 ",$409.40 
2023,July,$912.98 ,$137.92 ,$775.06 ,"$145,870.69 ","$3,104.60 ",$547.31 
2023,August,$912.98 ,$138.65 ,$774.33 ,"$145,732.04 ","$3,878.93 ",$685.96 
2023,September,$912.97 ,$139.38 ,$773.59 ,"$145,592.65 ","$4,652.53 ",$825.35 
2023,October,$912.97 ,$140.12 ,$772.85 ,"$145,452.53 ","$5,425.38 ",$965.47 
2023,November,$912.98 ,$140.87 ,$772.11 ,"$145,311.66 ","$6,197.49 ","$1,106.34 "
2023,December,$912.98 ,$141.62 ,$771.36 ,"$145,170.04 ","$6,968.86 ","$1,247.96 "
2024,January,$912.98 ,$142.37 ,$770.61 ,"$145,027.68 ","$7,739.47 ","$1,390.32 "
2024,February,$912.98 ,$143.12 ,$769.86 ,"$144,884.55 ","$8,509.32 ","$1,533.45 "
2024,March,$912.98 ,$143.88 ,$769.10 ,"$144,740.67 ","$9,278.42 ","$1,677.33 "
2024,April,$912.98 ,$144.65 ,$768.33 ,"$144,596.02 ","$10,046.75 ","$1,821.98 "
2024,May,$912.98 ,$145.42 ,$767.56 ,"$144,450.61 ","$10,814.31 ","$1,967.39 "
2024,June,$912.98 ,$146.19 ,$766.79 ,"$144,304.42 ","$11,581.10 ","$2,113.58 "
2024,July,$912.98 ,$146.96 ,$766.02 ,"$144,157.46 ","$12,347.12 ","$2,260.54 "
2024,August,$912.98 ,$147.74 ,$765.24 ,"$144,009.71 ","$13,112.36 ","$2,408.29 "
2024,September,$912.98 ,$148.53 ,$764.45 ,"$143,861.18 ","$13,876.81 ","$2,556.82 "
2024,October,$912.98 ,$149.32 ,$763.66 ,"$143,711.87 ","$14,640.47 ","$2,706.13 "
2024,November,$912.98 ,$150.11 ,$762.87 ,"$143,561.76 ","$15,403.34 ","$2,856.24 "
2024,December,$912.98 ,$150.91 ,$762.07 ,"$143,410.86 ","$16,165.42 ","$3,007.14 "
2025,January,$912.98 ,$151.71 ,$761.27 ,"$143,259.15 ","$16,926.69 ","$3,158.85 "
2025,February,$912.98 ,$152.51 ,$760.47 ,"$143,106.64 ","$17,687.16 ","$3,311.36 "
2025,March,$912.98 ,$153.32 ,$759.66 ,"$142,953.32 ","$18,446.81 ","$3,464.68 "
2025,April,$912.98 ,$154.14 ,$758.84 ,"$142,799.18 ","$19,205.66 ","$3,618.82 "
2025,May,$912.98 ,$154.95 ,$758.03 ,"$142,644.23 ","$19,963.68 ","$3,773.77 "
2025,June,$912.98 ,$155.78 ,$757.20 ,"$142,488.45 ","$20,720.89 ","$3,929.55 "
2025,July,$912.98 ,$156.60 ,$756.38 ,"$142,331.85 ","$21,477.26 ","$4,086.15 "
2025,August,$912.97 ,$157.43 ,$755.54 ,"$142,174.41 ","$22,232.81 ","$4,243.59 "
2025,September,$912.98 ,$158.27 ,$754.71 ,"$142,016.14 ","$22,987.52 ","$4,401.86 "
2025,October,$912.98 ,$159.11 ,$753.87 ,"$141,857.03 ","$23,741.38 ","$4,560.97 "
2025,November,$912.97 ,$159.95 ,$753.02 ,"$141,697.08 ","$24,494.41 ","$4,720.92 "
2025,December,$912.98 ,$160.80 ,$752.18 ,"$141,536.28 ","$25,246.58 ","$4,881.72 "
2026,January,$912.98 ,$161.66 ,$751.32 ,"$141,374.62 ","$25,997.91 ","$5,043.38 "
2026,February,$912.98 ,$162.52 ,$750.46 ,"$141,212.10 ","$26,748.37 ","$5,205.90 "
2026,March,$912.98 ,$163.38 ,$749.60 ,"$141,048.72 ","$27,497.97 ","$5,369.28 "
2026,April,$912.98 ,$164.25 ,$748.73 ,"$140,884.48 ","$28,246.70 ","$5,533.52 "
2026,May,$912.98 ,$165.12 ,$747.86 ,"$140,719.36 ","$28,994.57 ","$5,698.64 "
2026,June,$912.98 ,$165.99 ,$746.99 ,"$140,553.37 ","$29,741.55 ","$5,864.63 "
2026,July,$912.97 ,$166.87 ,$746.10 ,"$140,386.49 ","$30,487.66 ","$6,031.51 "
2026,August,$912.98 ,$167.76 ,$745.22 ,"$140,218.73 ","$31,232.87 ","$6,199.27 "
2026,September,$912.98 ,$168.65 ,$744.33 ,"$140,050.08 ","$31,977.20 ","$6,367.92 "
2026,October,$912.98 ,$169.55 ,$743.43 ,"$139,880.53 ","$32,720.63 ","$6,537.47 "
2026,November,$912.98 ,$170.45 ,$742.53 ,"$139,710.09 ","$33,463.17 ","$6,707.91 "
2026,December,$912.98 ,$171.35 ,$741.63 ,"$139,538.74 ","$34,204.79 ","$6,879.26 "
2027,January,$912.98 ,$172.26 ,$740.72 ,"$139,366.48 ","$34,945.51 ","$7,051.52 "
2027,February,$912.98 ,$173.18 ,$739.80 ,"$139,193.30 ","$35,685.32 ","$7,224.70 "
2027,March,$912.97 ,$174.09 ,$738.88 ,"$139,019.21 ","$36,424.20 ","$7,398.79 "
2027,April,$912.98 ,$175.02 ,$737.96 ,"$138,844.19 ","$37,162.16 ","$7,573.81 "
2027,May,$912.98 ,$175.95 ,$737.03 ,"$138,668.24 ","$37,899.19 ","$7,749.76 "
2027,June,$912.98 ,$176.88 ,$736.10 ,"$138,491.36 ","$38,635.29 ","$7,926.64 "
2027,July,$912.98 ,$177.82 ,$735.16 ,"$138,313.54 ","$39,370.45 ","$8,104.46 "
2027,August,$912.97 ,$178.76 ,$734.21 ,"$138,134.77 ","$40,104.66 ","$8,283.23 "
2027,September,$912.98 ,$179.71 ,$733.27 ,"$137,955.06 ","$40,837.93 ","$8,462.94 "
2027,October,$912.98 ,$180.67 ,$732.31 ,"$137,774.39 ","$41,570.24 ","$8,643.61 "
2027,November,$912.98 ,$181.63 ,$731.35 ,"$137,592.76 ","$42,301.59 ","$8,825.24 "
2027,December,$912.98 ,$182.59 ,$730.39 ,"$137,410.17 ","$43,031.98 ","$9,007.83 "
2028,January,$912.98 ,$183.56 ,$729.42 ,"$137,226.61 ","$43,761.40 ","$9,191.39 "
2028,February,$912.97 ,$184.53 ,$728.44 ,"$137,042.08 ","$44,489.84 ","$9,375.92 "
2028,March,$912.98 ,$185.51 ,$727.47 ,"$136,856.56 ","$45,217.31 ","$9,561.44 "
2028,April,$912.98 ,$186.50 ,$726.48 ,"$136,670.07 ","$45,943.79 ","$9,747.93 "
2028,May,$912.98 ,$187.49 ,$725.49 ,"$136,482.58 ","$46,669.28 ","$9,935.42 "
2028,June,$912.98 ,$188.48 ,$724.50 ,"$136,294.09 ","$47,393.77 ","$10,123.91 "
2028,July,$912.97 ,$189.48 ,$723.49 ,"$136,104.61 ","$48,117.27 ","$10,313.39 "
2028,August,$912.98 ,$190.49 ,$722.49 ,"$135,914.12 ","$48,839.76 ","$10,503.88 "
2028,September,$912.98 ,$191.50 ,$721.48 ,"$135,722.62 ","$49,561.23 ","$10,695.38 "
2028,October,$912.98 ,$192.52 ,$720.46 ,"$135,530.10 ","$50,281.70 ","$10,887.90 "
2028,November,$912.98 ,$193.54 ,$719.44 ,"$135,336.56 ","$51,001.13 ","$11,081.44 "
2028,December,$912.98 ,$194.57 ,$718.41 ,"$135,141.99 ","$51,719.55 ","$11,276.01 "
2029,January,$912.98 ,$195.60 ,$717.38 ,"$134,946.39 ","$52,436.92 ","$11,471.61 "
2029,February,$912.98 ,$196.64 ,$716.34 ,"$134,749.75 ","$53,153.27 ","$11,668.25 "
2029,March,$912.98 ,$197.68 ,$715.30 ,"$134,552.07 ","$53,868.56 ","$11,865.93 "
2029,April,$912.98 ,$198.73 ,$714.25 ,"$134,353.34 ","$54,582.81 ","$12,064.66 "
2029,May,$912.98 ,$199.79 ,$713.19 ,"$134,153.55 ","$55,296.00 ","$12,264.45 "
2029,June,$912.98 ,$200.85 ,$712.13 ,"$133,952.70 ","$56,008.13 ","$12,465.30 "
2029,July,$912.98 ,$201.91 ,$711.07 ,"$133,750.79 ","$56,719.20 ","$12,667.21 "
2029,August,$912.98 ,$202.99 ,$709.99 ,"$133,547.80 ","$57,429.19 ","$12,870.20 "
2029,September,$912.98 ,$204.06 ,$708.92 ,"$133,343.74 ","$58,138.11 ","$13,074.26 "
2029,October,$912.98 ,$205.15 ,$707.83 ,"$133,138.60 ","$58,845.94 ","$13,279.40 "
2029,November,$912.98 ,$206.24 ,$706.74 ,"$132,932.36 ","$59,552.69 ","$13,485.64 "
2029,December,$912.98 ,$207.33 ,$705.65 ,"$132,725.03 ","$60,258.33 ","$13,692.97 "
2030,January,$912.98 ,$208.43 ,$704.55 ,"$132,516.60 ","$60,962.88 ","$13,901.40 "
2030,February,$912.98 ,$209.54 ,$703.44 ,"$132,307.06 ","$61,666.33 ","$14,110.94 "
2030,March,$912.98 ,$210.65 ,$702.33 ,"$132,096.41 ","$62,368.66 ","$14,321.59 "
2030,April,$912.98 ,$211.77 ,$701.21 ,"$131,884.65 ","$63,069.87 ","$14,533.35 "
2030,May,$912.98 ,$212.89 ,$700.09 ,"$131,671.76 ","$63,769.96 ","$14,746.24 "
2030,June,$912.98 ,$214.02 ,$698.96 ,"$131,457.73 ","$64,468.91 ","$14,960.27 "
2030,July,$912.98 ,$215.16 ,$697.82 ,"$131,242.58 ","$65,166.73 ","$15,175.42 "
2030,August,$912.98 ,$216.30 ,$696.68 ,"$131,026.28 ","$65,863.41 ","$15,391.72 "
2030,September,$912.98 ,$217.45 ,$695.53 ,"$130,808.83 ","$66,558.94 ","$15,609.17 "
2030,October,$912.98 ,$218.60 ,$694.38 ,"$130,590.23 ","$67,253.32 ","$15,827.77 "
2030,November,$912.98 ,$219.76 ,$693.22 ,"$130,370.46 ","$67,946.54 ","$16,047.54 "
2030,December,$912.98 ,$220.93 ,$692.05 ,"$130,149.54 ","$68,638.59 ","$16,268.46 "
2031,January,$912.98 ,$222.10 ,$690.88 ,"$129,927.43 ","$69,329.47 ","$16,490.57 "
2031,February,$912.98 ,$223.28 ,$689.70 ,"$129,704.15 ","$70,019.16 ","$16,713.85 "
2031,March,$912.98 ,$224.47 ,$688.51 ,"$129,479.69 ","$70,707.68 ","$16,938.31 "
2031,April,$912.98 ,$225.66 ,$687.32 ,"$129,254.03 ","$71,395.00 ","$17,163.97 "
2031,May,$912.98 ,$226.86 ,$686.12 ,"$129,027.17 ","$72,081.12 ","$17,390.83 "
2031,June,$912.98 ,$228.06 ,$684.92 ,"$128,799.11 ","$72,766.04 ","$17,618.89 "
2031,July,$912.98 ,$229.27 ,$683.71 ,"$128,569.84 ","$73,449.75 ","$17,848.16 "
2031,August,$912.98 ,$230.49 ,$682.49 ,"$128,339.35 ","$74,132.24 ","$18,078.65 "
2031,September,$912.98 ,$231.71 ,$681.27 ,"$128,107.64 ","$74,813.51 ","$18,310.36 "
2031,October,$912.98 ,$232.94 ,$680.04 ,"$127,874.70 ","$75,493.55 ","$18,543.30 "
2031,November,$912.98 ,$234.18 ,$678.80 ,"$127,640.53 ","$76,172.35 ","$18,777.47 "
2031,December,$912.98 ,$235.42 ,$677.56 ,"$127,405.10 ","$76,849.91 ","$19,012.90 "
2032,January,$912.98 ,$236.67 ,$676.31 ,"$127,168.43 ","$77,526.22 ","$19,249.57 "
2032,February,$912.98 ,$237.93 ,$675.05 ,"$126,930.51 ","$78,201.27 ","$19,487.49 "
2032,March,$912.98 ,$239.19 ,$673.79 ,"$126,691.32 ","$78,875.06 ","$19,726.68 "
2032,April,$912.98 ,$240.46 ,$672.52 ,"$126,450.86 ","$79,547.58 ","$19,967.14 "
2032,May,$912.98 ,$241.74 ,$671.24 ,"$126,209.12 ","$80,218.82 ","$20,208.88 "
2032,June,$912.98 ,$243.02 ,$669.96 ,"$125,966.10 ","$80,888.78 ","$20,451.90 "
2032,July,$912.98 ,$244.31 ,$668.67 ,"$125,721.80 ","$81,557.45 ","$20,696.20 "
2032,August,$912.98 ,$245.61 ,$667.37 ,"$125,476.19 ","$82,224.82 ","$20,941.81 "
2032,September,$912.98 ,$246.91 ,$666.07 ,"$125,229.28 ","$82,890.89 ","$21,188.72 "
2032,October,$912.98 ,$248.22 ,$664.76 ,"$124,981.06 ","$83,555.65 ","$21,436.94 "
2032,November,$912.98 ,$249.54 ,$663.44 ,"$124,731.52 ","$84,219.09 ","$21,686.48 "
2032,December,$912.98 ,$250.86 ,$662.12 ,"$124,480.66 ","$84,881.21 ","$21,937.34 "
2033,January,$912.97 ,$252.19 ,$660.78 ,"$124,228.46 ","$85,541.99 ","$22,189.54 "
2033,February,$912.98 ,$253.53 ,$659.45 ,"$123,974.93 ","$86,201.44 ","$22,443.07 "
2033,March,$912.98 ,$254.88 ,$658.10 ,"$123,720.05 ","$86,859.54 ","$22,697.95 "
2033,April,$912.98 ,$256.23 ,$656.75 ,"$123,463.82 ","$87,516.29 ","$22,954.18 "
2033,May,$912.98 ,$257.59 ,$655.39 ,"$123,206.23 ","$88,171.68 ","$23,211.77 "
2033,June,$912.98 ,$258.96 ,$654.02 ,"$122,947.27 ","$88,825.69 ","$23,470.73 "
2033,July,$912.98 ,$260.33 ,$652.65 ,"$122,686.94 ","$89,478.34 ","$23,731.06 "
2033,August,$912.98 ,$261.72 ,$651.26 ,"$122,425.22 ","$90,129.60 ","$23,992.78 "
2033,September,$912.98 ,$263.11 ,$649.87 ,"$122,162.11 ","$90,779.48 ","$24,255.89 "
2033,October,$912.98 ,$264.50 ,$648.48 ,"$121,897.61 ","$91,427.95 ","$24,520.39 "
2033,November,$912.98 ,$265.91 ,$647.07 ,"$121,631.71 ","$92,075.03 ","$24,786.29 "
2033,December,$912.98 ,$267.32 ,$645.66 ,"$121,364.39 ","$92,720.69 ","$25,053.61 "
2034,January,$912.98 ,$268.74 ,$644.24 ,"$121,095.65 ","$93,364.93 ","$25,322.35 "
2034,February,$912.98 ,$270.16 ,$642.82 ,"$120,825.49 ","$94,007.75 ","$25,592.51 "
2034,March,$912.98 ,$271.60 ,$641.38 ,"$120,553.89 ","$94,649.13 ","$25,864.11 "
2034,April,$912.98 ,$273.04 ,$639.94 ,"$120,280.85 ","$95,289.07 ","$26,137.15 "
2034,May,$912.98 ,$274.49 ,$638.49 ,"$120,006.37 ","$95,927.56 ","$26,411.63 "
2034,June,$912.98 ,$275.95 ,$637.03 ,"$119,730.42 ","$96,564.59 ","$26,687.58 "
2034,July,$912.98 ,$277.41 ,$635.57 ,"$119,453.01 ","$97,200.16 ","$26,964.99 "
2034,August,$912.98 ,$278.88 ,$634.10 ,"$119,174.13 ","$97,834.26 ","$27,243.87 "
2034,September,$912.98 ,$280.36 ,$632.62 ,"$118,893.77 ","$98,466.88 ","$27,524.23 "
2034,October,$912.98 ,$281.85 ,$631.13 ,"$118,611.91 ","$99,098.00 ","$27,806.09 "
2034,November,$912.98 ,$283.35 ,$629.63 ,"$118,328.57 ","$99,727.64 ","$28,089.43 "
2034,December,$912.98 ,$284.85 ,$628.13 ,"$118,043.71 ","$100,355.76 ","$28,374.29 "
2035,January,$912.98 ,$286.36 ,$626.62 ,"$117,757.35 ","$100,982.38 ","$28,660.65 "
2035,February,$912.98 ,$287.88 ,$625.10 ,"$117,469.47 ","$101,607.47 ","$28,948.53 "
2035,March,$912.98 ,$289.41 ,$623.57 ,"$117,180.06 ","$102,231.04 ","$29,237.94 "
2035,April,$912.98 ,$290.95 ,$622.03 ,"$116,889.11 ","$102,853.07 ","$29,528.89 "
2035,May,$912.98 ,$292.49 ,$620.49 ,"$116,596.61 ","$103,473.56 ","$29,821.39 "
2035,June,$912.98 ,$294.05 ,$618.93 ,"$116,302.57 ","$104,092.49 ","$30,115.43 "
2035,July,$912.98 ,$295.61 ,$617.37 ,"$116,006.96 ","$104,709.86 ","$30,411.04 "
2035,August,$912.98 ,$297.18 ,$615.80 ,"$115,709.79 ","$105,325.67 ","$30,708.21 "
2035,September,$912.98 ,$298.75 ,$614.23 ,"$115,411.03 ","$105,939.89 ","$31,006.97 "
2035,October,$912.98 ,$300.34 ,$612.64 ,"$115,110.70 ","$106,552.53 ","$31,307.30 "
2035,November,$912.98 ,$301.93 ,$611.05 ,"$114,808.76 ","$107,163.58 ","$31,609.24 "
2035,December,$912.98 ,$303.54 ,$609.44 ,"$114,505.23 ","$107,773.02 ","$31,912.77 "
2036,January,$912.98 ,$305.15 ,$607.83 ,"$114,200.08 ","$108,380.86 ","$32,217.92 "
2036,February,$912.98 ,$306.77 ,$606.21 ,"$113,893.31 ","$108,987.07 ","$32,524.69 "
2036,March,$912.98 ,$308.40 ,$604.58 ,"$113,584.92 ","$109,591.65 ","$32,833.08 "
2036,April,$912.98 ,$310.03 ,$602.95 ,"$113,274.88 ","$110,194.60 ","$33,143.12 "
2036,May,$912.98 ,$311.68 ,$601.30 ,"$112,963.21 ","$110,795.90 ","$33,454.79 "
2036,June,$912.98 ,$313.33 ,$599.65 ,"$112,649.87 ","$111,395.54 ","$33,768.13 "
2036,July,$912.98 ,$315.00 ,$597.98 ,"$112,334.88 ","$111,993.53 ","$34,083.12 "
2036,August,$912.98 ,$316.67 ,$596.31 ,"$112,018.21 ","$112,589.84 ","$34,399.79 "
2036,September,$912.98 ,$318.35 ,$594.63 ,"$111,699.86 ","$113,184.47 ","$34,718.14 "
2036,October,$912.98 ,$320.04 ,$592.94 ,"$111,379.82 ","$113,777.41 ","$35,038.18 "
2036,November,$912.98 ,$321.74 ,$591.24 ,"$111,058.08 ","$114,368.65 ","$35,359.92 "
2036,December,$912.98 ,$323.45 ,$589.53 ,"$110,734.64 ","$114,958.18 ","$35,683.36 "
2037,January,$912.98 ,$325.16 ,$587.82 ,"$110,409.48 ","$115,546.00 ","$36,008.52 "
2037,February,$912.98 ,$326.89 ,$586.09 ,"$110,082.59 ","$116,132.09 ","$36,335.41 "
2037,March,$912.98 ,$328.62 ,$584.36 ,"$109,753.96 ","$116,716.45 ","$36,664.04 "
2037,April,$912.98 ,$330.37 ,$582.61 ,"$109,423.59 ","$117,299.06 ","$36,994.41 "
2037,May,$912.98 ,$332.12 ,$580.86 ,"$109,091.47 ","$117,879.91 ","$37,326.53 "
2037,June,$912.98 ,$333.89 ,$579.09 ,"$108,757.59 ","$118,459.01 ","$37,660.41 "
2037,July,$912.98 ,$335.66 ,$577.32 ,"$108,421.93 ","$119,036.33 ","$37,996.07 "
2037,August,$912.98 ,$337.44 ,$575.54 ,"$108,084.49 ","$119,611.87 ","$38,333.51 "
2037,September,$912.98 ,$339.23 ,$573.75 ,"$107,745.26 ","$120,185.62 ","$38,672.74 "
2037,October,$912.98 ,$341.03 ,$571.95 ,"$107,404.23 ","$120,757.56 ","$39,013.77 "
2037,November,$912.98 ,$342.84 ,$570.14 ,"$107,061.39 ","$121,327.70 ","$39,356.61 "
2037,December,$912.98 ,$344.66 ,$568.32 ,"$106,716.72 ","$121,896.02 ","$39,701.28 "
2038,January,$912.98 ,$346.49 ,$566.49 ,"$106,370.23 ","$122,462.51 ","$40,047.77 "
2038,February,$912.98 ,$348.33 ,$564.65 ,"$106,021.90 ","$123,027.16 ","$40,396.10 "
2038,March,$912.98 ,$350.18 ,$562.80 ,"$105,671.72 ","$123,589.96 ","$40,746.28 "
2038,April,$912.98 ,$352.04 ,$560.94 ,"$105,319.69 ","$124,150.90 ","$41,098.31 "
2038,May,$912.98 ,$353.91 ,$559.07 ,"$104,965.78 ","$124,709.97 ","$41,452.22 "
2038,June,$912.98 ,$355.79 ,$557.19 ,"$104,609.99 ","$125,267.16 ","$41,808.01 "
2038,July,$912.97 ,$357.67 ,$555.30 ,"$104,252.32 ","$125,822.47 ","$42,165.68 "
2038,August,$912.98 ,$359.57 ,$553.41 ,"$103,892.75 ","$126,375.87 ","$42,525.25 "
2038,September,$912.98 ,$361.48 ,$551.50 ,"$103,531.26 ","$126,927.37 ","$42,886.74 "
2038,October,$912.98 ,$363.40 ,$549.58 ,"$103,167.86 ","$127,476.95 ","$43,250.14 "
2038,November,$912.98 ,$365.33 ,$547.65 ,"$102,802.53 ","$128,024.60 ","$43,615.47 "
2038,December,$912.98 ,$367.27 ,$545.71 ,"$102,435.26 ","$128,570.31 ","$43,982.74 "
2039,January,$912.98 ,$369.22 ,$543.76 ,"$102,066.05 ","$129,114.07 ","$44,351.95 "
2039,February,$912.98 ,$371.18 ,$541.80 ,"$101,694.87 ","$129,655.87 ","$44,723.13 "
2039,March,$912.98 ,$373.15 ,$539.83 ,"$101,321.72 ","$130,195.70 ","$45,096.28 "
2039,April,$912.98 ,$375.13 ,$537.85 ,"$100,946.59 ","$130,733.55 ","$45,471.41 "
2039,May,$912.98 ,$377.12 ,$535.86 ,"$100,569.47 ","$131,269.41 ","$45,848.53 "
2039,June,$912.98 ,$379.12 ,$533.86 ,"$100,190.34 ","$131,803.26 ","$46,227.66 "
2039,July,$912.98 ,$381.14 ,$531.84 ,"$99,809.21 ","$132,335.11 ","$46,608.79 "
2039,August,$912.98 ,$383.16 ,$529.82 ,"$99,426.05 ","$132,864.93 ","$46,991.95 "
2039,September,$912.98 ,$385.19 ,$527.79 ,"$99,040.86 ","$133,392.71 ","$47,377.14 "
2039,October,$912.98 ,$387.24 ,$525.74 ,"$98,653.62 ","$133,918.46 ","$47,764.38 "
2039,November,$912.98 ,$389.29 ,$523.69 ,"$98,264.33 ","$134,442.14 ","$48,153.67 "
2039,December,$912.98 ,$391.36 ,$521.62 ,"$97,872.97 ","$134,963.76 ","$48,545.03 "
2040,January,$912.98 ,$393.44 ,$519.54 ,"$97,479.53 ","$135,483.30 ","$48,938.47 "
2040,February,$912.98 ,$395.53 ,$517.45 ,"$97,084.01 ","$136,000.76 ","$49,333.99 "
2040,March,$912.97 ,$397.62 ,$515.35 ,"$96,686.38 ","$136,516.11 ","$49,731.62 "
2040,April,$912.98 ,$399.74 ,$513.24 ,"$96,286.65 ","$137,029.36 ","$50,131.35 "
2040,May,$912.98 ,$401.86 ,$511.12 ,"$95,884.79 ","$137,540.48 ","$50,533.21 "
2040,June,$912.98 ,$403.99 ,$508.99 ,"$95,480.80 ","$138,049.47 ","$50,937.20 "
2040,July,$912.98 ,$406.14 ,$506.84 ,"$95,074.66 ","$138,556.31 ","$51,343.34 "
2040,August,$912.98 ,$408.29 ,$504.69 ,"$94,666.37 ","$139,061.00 ","$51,751.63 "
2040,September,$912.98 ,$410.46 ,$502.52 ,"$94,255.91 ","$139,563.52 ","$52,162.09 "
2040,October,$912.98 ,$412.64 ,$500.34 ,"$93,843.28 ","$140,063.86 ","$52,574.72 "
2040,November,$912.98 ,$414.83 ,$498.15 ,"$93,428.45 ","$140,562.01 ","$52,989.55 "
2040,December,$912.98 ,$417.03 ,$495.95 ,"$93,011.42 ","$141,057.96 ","$53,406.58 "
2041,January,$912.98 ,$419.24 ,$493.74 ,"$92,592.18 ","$141,551.70 ","$53,825.82 "
2041,February,$912.98 ,$421.47 ,$491.51 ,"$92,170.71 ","$142,043.21 ","$54,247.29 "
2041,March,$912.98 ,$423.71 ,$489.27 ,"$91,747.00 ","$142,532.48 ","$54,671.00 "
2041,April,$912.98 ,$425.96 ,$487.02 ,"$91,321.05 ","$143,019.50 ","$55,096.95 "
2041,May,$912.98 ,$428.22 ,$484.76 ,"$90,892.83 ","$143,504.27 ","$55,525.17 "
2041,June,$912.98 ,$430.49 ,$482.49 ,"$90,462.34 ","$143,986.76 ","$55,955.66 "
2041,July,$912.97 ,$432.77 ,$480.20 ,"$90,029.57 ","$144,466.96 ","$56,388.43 "
2041,August,$912.98 ,$435.07 ,$477.91 ,"$89,594.49 ","$144,944.87 ","$56,823.51 "
2041,September,$912.98 ,$437.38 ,$475.60 ,"$89,157.11 ","$145,420.46 ","$57,260.89 "
2041,October,$912.98 ,$439.70 ,$473.28 ,"$88,717.41 ","$145,893.74 ","$57,700.59 "
2041,November,$912.98 ,$442.04 ,$470.94 ,"$88,275.37 ","$146,364.68 ","$58,142.63 "
2041,December,$912.98 ,$444.38 ,$468.60 ,"$87,830.99 ","$146,833.28 ","$58,587.01 "
2042,January,$912.98 ,$446.74 ,$466.24 ,"$87,384.24 ","$147,299.51 ","$59,033.76 "
2042,February,$912.97 ,$449.11 ,$463.86 ,"$86,935.13 ","$147,763.38 ","$59,482.87 "
2042,March,$912.98 ,$451.50 ,$461.48 ,"$86,483.63 ","$148,224.86 ","$59,934.37 "
2042,April,$912.98 ,$453.90 ,$459.08 ,"$86,029.74 ","$148,683.94 ","$60,388.26 "
2042,May,$912.97 ,$456.30 ,$456.67 ,"$85,573.43 ","$149,140.62 ","$60,844.57 "
2042,June,$912.98 ,$458.73 ,$454.25 ,"$85,114.70 ","$149,594.87 ","$61,303.30 "
2042,July,$912.98 ,$461.16 ,$451.82 ,"$84,653.54 ","$150,046.69 ","$61,764.46 "
2042,August,$912.98 ,$463.61 ,$449.37 ,"$84,189.93 ","$150,496.05 ","$62,228.07 "
2042,September,$912.98 ,$466.07 ,$446.91 ,"$83,723.86 ","$150,942.96 ","$62,694.14 "
2042,October,$912.97 ,$468.54 ,$444.43 ,"$83,255.32 ","$151,387.40 ","$63,162.68 "
2042,November,$912.98 ,$471.03 ,$441.95 ,"$82,784.28 ","$151,829.34 ","$63,633.72 "
2042,December,$912.98 ,$473.53 ,$439.45 ,"$82,310.75 ","$152,268.79 ","$64,107.25 "
2043,January,$912.98 ,$476.05 ,$436.93 ,"$81,834.71 ","$152,705.72 ","$64,583.29 "
2043,February,$912.98 ,$478.57 ,$434.41 ,"$81,356.13 ","$153,140.13 ","$65,061.87 "
2043,March,$912.98 ,$481.11 ,$431.87 ,"$80,875.02 ","$153,571.99 ","$65,542.98 "
2043,April,$912.98 ,$483.67 ,$429.31 ,"$80,391.35 ","$154,001.31 ","$66,026.65 "
2043,May,$912.97 ,$486.23 ,$426.74 ,"$79,905.12 ","$154,428.05 ","$66,512.88 "
2043,June,$912.98 ,$488.82 ,$424.16 ,"$79,416.30 ","$154,852.21 ","$67,001.70 "
2043,July,$912.98 ,$491.41 ,$421.57 ,"$78,924.89 ","$155,273.78 ","$67,493.11 "
2043,August,$912.98 ,$494.02 ,$418.96 ,"$78,430.87 ","$155,692.74 ","$67,987.13 "
2043,September,$912.98 ,$496.64 ,$416.34 ,"$77,934.23 ","$156,109.08 ","$68,483.77 "
2043,October,$912.98 ,$499.28 ,$413.70 ,"$77,434.95 ","$156,522.78 ","$68,983.05 "
2043,November,$912.98 ,$501.93 ,$411.05 ,"$76,933.02 ","$156,933.83 ","$69,484.98 "
2043,December,$912.98 ,$504.59 ,$408.39 ,"$76,428.43 ","$157,342.22 ","$69,989.57 "
2044,January,$912.98 ,$507.27 ,$405.71 ,"$75,921.16 ","$157,747.92 ","$70,496.84 "
2044,February,$912.97 ,$509.96 ,$403.01 ,"$75,411.19 ","$158,150.94 ","$71,006.81 "
2044,March,$912.98 ,$512.67 ,$400.31 ,"$74,898.52 ","$158,551.25 ","$71,519.48 "
2044,April,$912.98 ,$515.39 ,$397.59 ,"$74,383.13 ","$158,948.83 ","$72,034.87 "
2044,May,$912.98 ,$518.13 ,$394.85 ,"$73,865.00 ","$159,343.68 ","$72,553.00 "
2044,June,$912.98 ,$520.88 ,$392.10 ,"$73,344.12 ","$159,735.78 ","$73,073.88 "
2044,July,$912.98 ,$523.64 ,$389.34 ,"$72,820.48 ","$160,125.12 ","$73,597.52 "
2044,August,$912.98 ,$526.42 ,$386.56 ,"$72,294.05 ","$160,511.67 ","$74,123.95 "
2044,September,$912.98 ,$529.22 ,$383.76 ,"$71,764.84 ","$160,895.43 ","$74,653.16 "
2044,October,$912.98 ,$532.03 ,$380.95 ,"$71,232.81 ","$161,276.39 ","$75,185.19 "
2044,November,$912.98 ,$534.85 ,$378.13 ,"$70,697.96 ","$161,654.51 ","$75,720.04 "
2044,December,$912.98 ,$537.69 ,$375.29 ,"$70,160.27 ","$162,029.80 ","$76,257.73 "
2045,January,$912.97 ,$540.54 ,$372.43 ,"$69,619.72 ","$162,402.24 ","$76,798.28 "
2045,February,$912.97 ,$543.41 ,$369.56 ,"$69,076.31 ","$162,771.80 ","$77,341.69 "
2045,March,$912.98 ,$546.30 ,$366.68 ,"$68,530.01 ","$163,138.48 ","$77,887.99 "
2045,April,$912.98 ,$549.20 ,$363.78 ,"$67,980.81 ","$163,502.26 ","$78,437.19 "
2045,May,$912.97 ,$552.11 ,$360.86 ,"$67,428.69 ","$163,863.13 ","$78,989.31 "
2045,June,$912.98 ,$555.05 ,$357.93 ,"$66,873.65 ","$164,221.06 ","$79,544.35 "
2045,July,$912.98 ,$557.99 ,$354.99 ,"$66,315.66 ","$164,576.05 ","$80,102.34 "
2045,August,$912.98 ,$560.95 ,$352.03 ,"$65,754.70 ","$164,928.07 ","$80,663.30 "
2045,September,$912.98 ,$563.93 ,$349.05 ,"$65,190.77 ","$165,277.12 ","$81,227.23 "
2045,October,$912.97 ,$566.92 ,$346.05 ,"$64,623.85 ","$165,623.18 ","$81,794.15 "
2045,November,$912.97 ,$569.93 ,$343.04 ,"$64,053.91 ","$165,966.22 ","$82,364.09 "
2045,December,$912.98 ,$572.96 ,$340.02 ,"$63,480.95 ","$166,306.24 ","$82,937.05 "
2046,January,$912.98 ,$576.00 ,$336.98 ,"$62,904.95 ","$166,643.22 ","$83,513.05 "
2046,February,$912.98 ,$579.06 ,$333.92 ,"$62,325.90 ","$166,977.14 ","$84,092.10 "
2046,March,$912.98 ,$582.13 ,$330.85 ,"$61,743.76 ","$167,307.98 ","$84,674.24 "
2046,April,$912.98 ,$585.22 ,$327.76 ,"$61,158.54 ","$167,635.74 ","$85,259.46 "
2046,May,$912.98 ,$588.33 ,$324.65 ,"$60,570.21 ","$167,960.39 ","$85,847.79 "
2046,June,$912.98 ,$591.45 ,$321.53 ,"$59,978.76 ","$168,281.92 ","$86,439.24 "
2046,July,$912.98 ,$594.59 ,$318.39 ,"$59,384.17 ","$168,600.31 ","$87,033.83 "
2046,August,$912.98 ,$597.75 ,$315.23 ,"$58,786.42 ","$168,915.54 ","$87,631.58 "
2046,September,$912.98 ,$600.92 ,$312.06 ,"$58,185.50 ","$169,227.59 ","$88,232.50 "
2046,October,$912.98 ,$604.11 ,$308.87 ,"$57,581.39 ","$169,536.46 ","$88,836.61 "
2046,November,$912.98 ,$607.32 ,$305.66 ,"$56,974.07 ","$169,842.12 ","$89,443.93 "
2046,December,$912.98 ,$610.54 ,$302.44 ,"$56,363.53 ","$170,144.56 ","$90,054.47 "
2047,January,$912.98 ,$613.78 ,$299.20 ,"$55,749.74 ","$170,443.76 ","$90,668.26 "
2047,February,$912.98 ,$617.04 ,$295.94 ,"$55,132.70 ","$170,739.70 ","$91,285.30 "
2047,March,$912.98 ,$620.32 ,$292.66 ,"$54,512.39 ","$171,032.36 ","$91,905.61 "
2047,April,$912.98 ,$623.61 ,$289.37 ,"$53,888.78 ","$171,321.73 ","$92,529.22 "
2047,May,$912.98 ,$626.92 ,$286.06 ,"$53,261.86 ","$171,607.79 ","$93,156.14 "
2047,June,$912.98 ,$630.25 ,$282.73 ,"$52,631.61 ","$171,890.52 ","$93,786.39 "
2047,July,$912.98 ,$633.59 ,$279.39 ,"$51,998.02 ","$172,169.91 ","$94,419.98 "
2047,August,$912.98 ,$636.96 ,$276.02 ,"$51,361.06 ","$172,445.93 ","$95,056.94 "
2047,September,$912.98 ,$640.34 ,$272.64 ,"$50,720.72 ","$172,718.57 ","$95,697.28 "
2047,October,$912.98 ,$643.74 ,$269.24 ,"$50,076.99 ","$172,987.81 ","$96,341.01 "
2047,November,$912.98 ,$647.15 ,$265.83 ,"$49,429.83 ","$173,253.64 ","$96,988.17 "
2047,December,$912.98 ,$650.59 ,$262.39 ,"$48,779.25 ","$173,516.03 ","$97,638.75 "
2048,January,$912.98 ,$654.04 ,$258.94 ,"$48,125.20 ","$173,774.96 ","$98,292.80 "
2048,February,$912.97 ,$657.51 ,$255.46 ,"$47,467.69 ","$174,030.43 ","$98,950.31 "
2048,March,$912.97 ,$661.00 ,$251.97 ,"$46,806.68 ","$174,282.40 ","$99,611.32 "
2048,April,$912.98 ,$664.51 ,$248.47 ,"$46,142.17 ","$174,530.87 ","$100,275.83 "
2048,May,$912.98 ,$668.04 ,$244.94 ,"$45,474.13 ","$174,775.81 ","$100,943.87 "
2048,June,$912.98 ,$671.59 ,$241.39 ,"$44,802.54 ","$175,017.20 ","$101,615.46 "
2048,July,$912.98 ,$675.15 ,$237.83 ,"$44,127.39 ","$175,255.03 ","$102,290.61 "
2048,August,$912.98 ,$678.74 ,$234.24 ,"$43,448.65 ","$175,489.27 ","$102,969.35 "
2048,September,$912.98 ,$682.34 ,$230.64 ,"$42,766.31 ","$175,719.91 ","$103,651.69 "
2048,October,$912.98 ,$685.96 ,$227.02 ,"$42,080.35 ","$175,946.93 ","$104,337.65 "
2048,November,$912.98 ,$689.60 ,$223.38 ,"$41,390.75 ","$176,170.30 ","$105,027.25 "
2048,December,$912.98 ,$693.26 ,$219.72 ,"$40,697.49 ","$176,390.02 ","$105,720.51 "
2049,January,$912.98 ,$696.94 ,$216.04 ,"$40,000.54 ","$176,606.05 ","$106,417.46 "
2049,February,$912.98 ,$700.64 ,$212.34 ,"$39,299.90 ","$176,818.39 ","$107,118.10 "
2049,March,$912.98 ,$704.36 ,$208.62 ,"$38,595.54 ","$177,027.01 ","$107,822.46 "
2049,April,$912.98 ,$708.10 ,$204.88 ,"$37,887.44 ","$177,231.89 ","$108,530.56 "
2049,May,$912.98 ,$711.86 ,$201.12 ,"$37,175.58 ","$177,433.00 ","$109,242.42 "
2049,June,$912.98 ,$715.64 ,$197.34 ,"$36,459.94 ","$177,630.34 ","$109,958.06 "
2049,July,$912.98 ,$719.44 ,$193.54 ,"$35,740.50 ","$177,823.89 ","$110,677.50 "
2049,August,$912.98 ,$723.26 ,$189.72 ,"$35,017.25 ","$178,013.61 ","$111,400.75 "
2049,September,$912.98 ,$727.10 ,$185.88 ,"$34,290.15 ","$178,199.49 ","$112,127.85 "
2049,October,$912.98 ,$730.96 ,$182.02 ,"$33,559.19 ","$178,381.52 ","$112,858.81 "
2049,November,$912.98 ,$734.84 ,$178.14 ,"$32,824.36 ","$178,559.66 ","$113,593.64 "
2049,December,$912.98 ,$738.74 ,$174.24 ,"$32,085.62 ","$178,733.90 ","$114,332.38 "
2050,January,$912.98 ,$742.66 ,$170.32 ,"$31,342.96 ","$178,904.22 ","$115,075.04 "
2050,February,$912.98 ,$746.60 ,$166.38 ,"$30,596.36 ","$179,070.60 ","$115,821.64 "
2050,March,$912.98 ,$750.56 ,$162.42 ,"$29,845.80 ","$179,233.02 ","$116,572.20 "
2050,April,$912.98 ,$754.55 ,$158.43 ,"$29,091.25 ","$179,391.45 ","$117,326.75 "
2050,May,$912.98 ,$758.55 ,$154.43 ,"$28,332.70 ","$179,545.88 ","$118,085.30 "
2050,June,$912.98 ,$762.58 ,$150.40 ,"$27,570.12 ","$179,696.27 ","$118,847.88 "
2050,July,$912.98 ,$766.63 ,$146.35 ,"$26,803.49 ","$179,842.63 ","$119,614.51 "
2050,August,$912.98 ,$770.70 ,$142.28 ,"$26,032.80 ","$179,984.91 ","$120,385.20 "
2050,September,$912.98 ,$774.79 ,$138.19 ,"$25,258.01 ","$180,123.10 ","$121,159.99 "
2050,October,$912.98 ,$778.90 ,$134.08 ,"$24,479.11 ","$180,257.18 ","$121,938.89 "
2050,November,$912.98 ,$783.04 ,$129.94 ,"$23,696.07 ","$180,387.12 ","$122,721.93 "
2050,December,$912.98 ,$787.19 ,$125.79 ,"$22,908.88 ","$180,512.91 ","$123,509.12 "
2051,January,$912.98 ,$791.37 ,$121.61 ,"$22,117.51 ","$180,634.51 ","$124,300.49 "
2051,February,$912.98 ,$795.57 ,$117.41 ,"$21,321.93 ","$180,751.92 ","$125,096.07 "
2051,March,$912.98 ,$799.80 ,$113.18 ,"$20,522.14 ","$180,865.11 ","$125,895.86 "
2051,April,$912.98 ,$804.04 ,$108.94 ,"$19,718.10 ","$180,974.04 ","$126,699.90 "
2051,May,$912.98 ,$808.31 ,$104.67 ,"$18,909.79 ","$181,078.71 ","$127,508.21 "
2051,June,$912.98 ,$812.60 ,$100.38 ,"$18,097.19 ","$181,179.09 ","$128,320.81 "
2051,July,$912.98 ,$816.91 ,$96.07 ,"$17,280.28 ","$181,275.16 ","$129,137.72 "
2051,August,$912.98 ,$821.25 ,$91.73 ,"$16,459.03 ","$181,366.89 ","$129,958.97 "
2051,September,$912.98 ,$825.61 ,$87.37 ,"$15,633.42 ","$181,454.26 ","$130,784.58 "
2051,October,$912.98 ,$829.99 ,$82.99 ,"$14,803.43 ","$181,537.25 ","$131,614.57 "
2051,November,$912.98 ,$834.40 ,$78.58 ,"$13,969.03 ","$181,615.83 ","$132,448.97 "
2051,December,$912.98 ,$838.83 ,$74.15 ,"$13,130.20 ","$181,689.98 ","$133,287.80 "
2052,January,$912.98 ,$843.28 ,$69.70 ,"$12,286.92 ","$181,759.68 ","$134,131.08 "
2052,February,$912.98 ,$847.76 ,$65.22 ,"$11,439.17 ","$181,824.90 ","$134,978.83 "
2052,March,$912.98 ,$852.26 ,$60.72 ,"$10,586.91 ","$181,885.63 ","$135,831.09 "
2052,April,$912.98 ,$856.78 ,$56.20 ,"$9,730.13 ","$181,941.82 ","$136,687.87 "
2052,May,$912.98 ,$861.33 ,$51.65 ,"$8,868.80 ","$181,993.48 ","$137,549.20 "
2052,June,$912.98 ,$865.90 ,$47.08 ,"$8,002.90 ","$182,040.55 ","$138,415.10 "
2052,July,$912.98 ,$870.50 ,$42.48 ,"$7,132.40 ","$182,083.04 ","$139,285.60 "
2052,August,$912.98 ,$875.12 ,$37.86 ,"$6,257.29 ","$182,120.90 ","$140,160.71 "
2052,September,$912.98 ,$879.76 ,$33.22 ,"$5,377.52 ","$182,154.11 ","$141,040.48 "
2052,October,$912.98 ,$884.43 ,$28.55 ,"$4,493.09 ","$182,182.66 ","$141,924.91 "
2052,November,$912.98 ,$889.13 ,$23.85 ,"$3,603.96 ","$182,206.51 ","$142,814.04 "
2052,December,$912.98 ,$893.85 ,$19.13 ,"$2,710.11 ","$182,225.64 ","$143,707.89 "
2053,January,$912.98 ,$898.59 ,$14.39 ,"$1,811.52 ","$182,240.03 ","$144,606.48 "
2053,February,$912.98 ,$903.36 ,$9.62 ,$908.16 ,"$182,249.64 ","$145,509.84 "
2053,March,$912.98 ,$908.16 ,$4.82 ,$0.00 ,"$182,254.46 ","$146,418.00 "
,,,,,,,
